{
    "classes": [
        "BUSINESS",
        "ENTERTAINMENT",
        "FOOD & DRINK",
        "HEALTHY LIVING",
        "PARENTING",
        "POLITICS",
        "QUEER VOICES",
        "STYLE & BEAUTY",
        "TRAVEL",
        "WELLNESS"
    ],
    "test_sentences": [
        {
            "cleaned": [
                "ferrell molly shannon cover royal wedding cord tish"
            ],
            "padded": [
                266.0,
                754.0,
                584.0,
                0.0,
                0.0,
                0.0,
                0.0,
                0.0,
                0.0,
                0.0,
                0.0,
                0.0,
                0.0,
                0.0,
                0.0,
                0.0,
                0.0,
                0.0,
                0.0,
                0.0
            ],
            "predicted": [
                [
                    0.0027918650303035975,
                    0.2537533938884735,
                    0.0016422838671132922,
                    0.000827618467155844,
                    0.005888187326490879,
                    0.0042674303986132145,
                    0.019095363095402718,
                    0.7078251242637634,
                    0.0018206782406195998,
                    0.0020880470983684063
                ]
            ],
            "preprocessed": [
                266.0,
                754.0,
                584.0,
                0.0,
                0.0,
                0.0,
                0.0,
                0.0,
                0.0,
                0.0,
                0.0,
                0.0,
                0.0,
                0.0,
                0.0,
                0.0,
                0.0,
                0.0,
                0.0,
                0.0
            ],
            "sentence": "Will Ferrell And Molly Shannon Cover The Royal Wedding As 'Cord And Tish'",
            "tokenized": [
                266,
                754,
                584
            ]
        },
        {
            "cleaned": [
                "white house official reportedly considered ignoring new climate research"
            ],
            "padded": [
                49.0,
                37.0,
                320.0,
                393.0,
                4.0,
                207.0,
                884.0,
                0.0,
                0.0,
                0.0,
                0.0,
                0.0,
                0.0,
                0.0,
                0.0,
                0.0,
                0.0,
                0.0,
                0.0,
                0.0
            ],
            "predicted": [
                [
                    0.0020054264459758997,
                    0.008881514891982079,
                    4.112369060749188e-05,
                    0.000344368745572865,
                    8.000779780559242e-05,
                    0.9870830774307251,
                    0.0011759796179831028,
                    0.00012553008855320513,
                    0.0001514716277597472,
                    0.00011150426144013181
                ]
            ],
            "preprocessed": [
                49.0,
                37.0,
                320.0,
                393.0,
                4.0,
                207.0,
                884.0,
                0.0,
                0.0,
                0.0,
                0.0,
                0.0,
                0.0,
                0.0,
                0.0,
                0.0,
                0.0,
                0.0,
                0.0,
                0.0
            ],
            "sentence": "White House Officials Reportedly Considered Just 'Ignoring' New Climate Research",
            "tokenized": [
                49,
                37,
                320,
                393,
                4,
                207,
                884
            ]
        },
        {
            "cleaned": [
                "beyond pill physician trend #num#"
            ],
            "padded": [
                590.0,
                1903.0,
                489.0,
                1.0,
                0.0,
                0.0,
                0.0,
                0.0,
                0.0,
                0.0,
                0.0,
                0.0,
                0.0,
                0.0,
                0.0,
                0.0,
                0.0,
                0.0,
                0.0,
                0.0
            ],
            "predicted": [
                [
                    0.026881162077188492,
                    0.029665056616067886,
                    0.007947777397930622,
                    0.13693973422050476,
                    0.01975686103105545,
                    0.015210838988423347,
                    0.0025457246229052544,
                    0.04831571504473686,
                    0.019748006016016006,
                    0.6929891109466553
                ]
            ],
            "preprocessed": [
                590.0,
                1903.0,
                489.0,
                1.0,
                0.0,
                0.0,
                0.0,
                0.0,
                0.0,
                0.0,
                0.0,
                0.0,
                0.0,
                0.0,
                0.0,
                0.0,
                0.0,
                0.0,
                0.0,
                0.0
            ],
            "sentence": "Beyond the Pill: Physicians' Trend for 2013",
            "tokenized": [
                590,
                1903,
                489,
                1
            ]
        },
        {
            "cleaned": [
                "u launch auto import probe china vow defend interest"
            ],
            "padded": [
                9.0,
                814.0,
                601.0,
                661.0,
                1237.0,
                1742.0,
                1642.0,
                0.0,
                0.0,
                0.0,
                0.0,
                0.0,
                0.0,
                0.0,
                0.0,
                0.0,
                0.0,
                0.0,
                0.0,
                0.0
            ],
            "predicted": [
                [
                    0.29735544323921204,
                    0.0006887245108373463,
                    4.7456771426368505e-05,
                    0.0021915219258517027,
                    0.00013709905033465475,
                    0.6910466551780701,
                    0.005224672611802816,
                    0.00035556923830881715,
                    0.001715711085125804,
                    0.001237160642631352
                ]
            ],
            "preprocessed": [
                9.0,
                814.0,
                601.0,
                661.0,
                1237.0,
                1742.0,
                1642.0,
                0.0,
                0.0,
                0.0,
                0.0,
                0.0,
                0.0,
                0.0,
                0.0,
                0.0,
                0.0,
                0.0,
                0.0,
                0.0
            ],
            "sentence": "U.S. Launches Auto Import Probe, China Vows To Defend Its Interests",
            "tokenized": [
                9,
                814,
                601,
                661,
                1237,
                1742,
                1642
            ]
        },
        {
            "cleaned": [
                "tasted new fruit punch oreo dont"
            ],